Image URL,Disaster type,Source Name,Source
https://pbs.twimg.com/media/EkLXQ6lXgAABu9W?format=jpg&name=large,Wildfire,UNOCHA,NGO
https://pbs.twimg.com/media/FgbEzcGWQAgFpBE?format=jpg&name=medium,Flood,UNOCHA,NGO
https://pbs.twimg.com/media/FcXi2Q7XgAAtRel?format=jpg&name=4096x4096,Cyclone,UNOCHA,NGO
https://pbs.twimg.com/media/FbY_8xxWQAEDrvE?format=jpg&name=medium,Flood,UNOCHA,NGO
https://pbs.twimg.com/media/FfIz1bLWYAAtPL5?format=jpg&name=medium,Flood,UNOCHA,NGO
https://pbs.twimg.com/media/FiO-3QwXoAAJS3Q?format=jpg&name=small,Drought,UNOCHA,NGO
https://pbs.twimg.com/media/Fgdjav7XgAQHE7B?format=jpg&name=large,Drought,UNOCHA,NGO
https://pbs.twimg.com/media/Fg8uWwVWAAEWOTG?format=jpg&name=4096x4096,Drought,UNOCHA,NGO
https://pbs.twimg.com/media/FZyBDWuWAAAL4hL?format=jpg&name=4096x4096,Drought,UNOCHA,NGO
https://pbs.twimg.com/media/Fb38rUyWIAAH-FN?format=jpg&name=4096x4096,Drought,UNOCHA,NGO
https://pbs.twimg.com/media/FbLbjpGakAoiBiy?format=jpg&name=medium,Drought,UNOCHA,NGO
https://pbs.twimg.com/media/FjERNAeXoAIE8LB?format=jpg&name=large,Drought,UNOCHA,NGO
https://pbs.twimg.com/media/FdRkKK6X0AMX-ze?format=jpg&name=large,Drought,UNOCHA,NGO
https://pbs.twimg.com/media/FdRkKK2WQAAZLxA?format=jpg&name=large,Drought,UNOCHA,NGO
https://pbs.twimg.com/media/FaJLv_rWQAY5TEE?format=jpg&name=large,Earthquake,UNOCHA,NGO
https://pbs.twimg.com/media/FbEp00_XwAAhHx5?format=jpg&name=large,Flood,UNOCHA,NGO
https://pbs.twimg.com/media/FbEp07rX0AAM0dE?format=jpg&name=medium,Flood,UNOCHA,NGO
https://pbs.twimg.com/media/FbEp1C1WQAAAd5i?format=jpg&name=medium,Flood,UNOCHA,NGO
https://pbs.twimg.com/media/FdPdL_jXgAAJPL7?format=jpg&name=4096x4096,Flood,UNOCHA,NGO
https://pbs.twimg.com/media/FcovQqyXoAEPz50?format=jpg&name=4096x4096,Flood,UNOCHA,NGO
https://pbs.twimg.com/media/FcovQq6WYAIpenJ?format=jpg&name=4096x4096,Flood,UNOCHA,NGO
https://pbs.twimg.com/media/FchNhAdWQAAU6M0?format=jpg&name=large,Flood,UNOCHA,NGO
https://pbs.twimg.com/media/FchNhNlXoAU1Wdp?format=jpg&name=large,Flood,UNOCHA,NGO
https://pbs.twimg.com/media/FYvhKRHXwAE4VXp?format=jpg&name=medium,Drought,UNOCHA,NGO
https://pbs.twimg.com/media/FbQmhRAXkAE09Ua?format=jpg&name=4096x4096,Flood,UNOCHA,NGO
https://pbs.twimg.com/media/FeF8qrkWIAYP3FH?format=jpg&name=4096x4096,Flood,UNOCHA,NGO
https://pbs.twimg.com/media/FfXMzQhXoAcL836?format=jpg&name=large,Flood,UNOCHA,NGO
https://pbs.twimg.com/media/Ffco0pLX0AQGggs?format=jpg&name=4096x4096,Drought,UNOCHA,NGO
https://pbs.twimg.com/media/FZPCIaiXwAIvOSD?format=jpg&name=medium,Drought,UNOCHA,NGO
https://pbs.twimg.com/media/FZPCIriWYAAjdJc?format=jpg&name=medium,Drought,UNOCHA,NGO
https://pbs.twimg.com/media/FZPCI-hWIAIcYNw?format=jpg&name=medium,Drought,UNOCHA,NGO
https://pbs.twimg.com/media/FjSGSdiX0AAcarh?format=jpg&name=small,Drought,UNOCHA,NGO
https://pbs.twimg.com/media/FjXVmZVXkAANP5b?format=jpg&name=small,Flood,UNOCHA,NGO
https://pbs.twimg.com/media/Ff7WQb8XgAAB-zu?format=jpg&name=medium,Flood,UNOCHA,NGO
https://pbs.twimg.com/media/Ff7WQb6WQAoGatQ?format=jpg&name=medium,Flood,UNOCHA,NGO
https://pbs.twimg.com/media/Ff7WQb3XwAMOBa7?format=jpg&name=medium,Flood,UNOCHA,NGO
https://pbs.twimg.com/media/FY2tY30X0AETNF6?format=jpg&name=small,Earthquake,UNOCHA,NGO
https://pbs.twimg.com/card_img/1630840352092430339/sHKnXg_S?format=jpg&name=small,Drought,UNOCHA,NGO
https://pbs.twimg.com/media/FbkSScMX0AElJnT?format=jpg&name=small,Drought,UNReliefChief,NGO
https://pbs.twimg.com/media/FUv6NPEXEAAiQLH?format=jpg&name=small,Drought,UNReliefChief,NGO
https://pbs.twimg.com/media/FborRyzWAAMfJZx?format=jpg&name=360x360,Drought,OCHASomalia,NGO
https://pbs.twimg.com/media/FeITQ38XoAAIent?format=jpg&name=4096x4096,Drought,UNOCHA,NGO
https://pbs.twimg.com/media/FYBx2rsXwAAETtr?format=jpg&name=medium,Earthquake,UNOCHA,NGO
https://pbs.twimg.com/media/FZZxd7uWIAAOSgu?format=jpg&name=medium,Drought,UNOCHA,NGO
https://pbs.twimg.com/media/FZzNuqxWQAA67tP?format=jpg&name=medium,Earthquake,UNOCHA,NGO
https://pbs.twimg.com/media/Fa8X7R-XgAAVhFr?format=jpg&name=small,Flood,UNOCHA,NGO
https://pbs.twimg.com/media/FbAZryVXEAAoNKt?format=jpg&name=medium,Drought,UNOCHA,NGO
https://pbs.twimg.com/media/FhjPLroXgAcbtpX?format=jpg&name=large,Flood,UNOCHA,NGO
https://pbs.twimg.com/media/FcwjpdtXoAEvv_T?format=jpg&name=4096x4096,Flood,UNOCHA,NGO
https://pbs.twimg.com/media/FdFMS6wXkAARkqJ?format=jpg&name=4096x4096,Drought,UNOCHA,NGO
https://pbs.twimg.com/media/FdM-gygWIAAkQ2O?format=jpg&name=medium,Flood,UNOCHA,NGO
https://pbs.twimg.com/media/FdkTVshWQAIWTg9?format=jpg&name=4096x4096,Flood,UNOCHA,NGO
https://pbs.twimg.com/media/FciCeOWXoAAzzAv?format=jpg&name=900x900,Flood,OCHANiger,NGO
https://pbs.twimg.com/media/FiNBUnJWQAEhaG-?format=jpg&name=small,Drought,UNEP,NGO
https://pbs.twimg.com/media/FbFlVeLWQAANBDh?format=jpg&name=medium,Drought,UNOCHA,NGO
https://pbs.twimg.com/media/Fd0pya4WQAIM18K?format=jpg&name=medium,Flood,UNOCHA,NGO
https://pbs.twimg.com/card_img/1597206059436883970/t37P1Mk7?format=jpg&name=small,Flood,UNOCHA,NGO
https://pbs.twimg.com/media/Fh4EW-CWIAEf_NV?format=jpg&name=4096x4096,Flood,UNOCHA,NGO
https://pbs.twimg.com/card_img/1598287477667958786/8zHF81ms?format=jpg&name=small,Drought,UNOCHA,NGO
https://pbs.twimg.com/media/Fb3CuedWAAAWQt2?format=jpg&name=small,Flood,WFPPakistan,NGO
https://pbs.twimg.com/media/FlnTsleWIAElMTd?format=jpg&name=4096x4096,Drought,UNOCHA,NGO
https://pbs.twimg.com/media/FmyAH69XkAAM-3-?format=jpg&name=4096x4096,Drought,UNOCHA,NGO
https://pbs.twimg.com/media/FltehK6WIAEm9dA?format=jpg&name=large,Drought,UNOCHA,NGO
https://pbs.twimg.com/media/FQPj_JhXIAkeBuS?format=jpg&name=4096x4096,Drought,UNOCHA,NGO
https://pbs.twimg.com/media/FXpAl1JVsAMz8k7?format=jpg&name=medium,Drought,UNOCHA,NGO
https://pbs.twimg.com/media/Eyzaw61XIAAON3a?format=jpg&name=900x900,Drought,UNOCHA,NGO
https://pbs.twimg.com/media/FPwHNqoWQAAeXT6?format=jpg&name=4096x4096,Drought,UNOCHA,NGO
https://pbs.twimg.com/media/E1JBFCaWQAUMHtV?format=jpg&name=medium,Drought,UNOCHA,NGO
https://pbs.twimg.com/media/FWc8gMpXEAYJuDL?format=jpg&name=medium,Drought,UNOCHA,NGO
https://pbs.twimg.com/media/FQ9ymIlWQAIfaDj?format=jpg&name=large,Drought,UNOCHA,NGO
https://pbs.twimg.com/media/FR1PosrXIAMOfOr?format=jpg&name=4096x4096,Drought,UNOCHA,NGO
https://pbs.twimg.com/media/CyrW6cZUcAIAa8_?format=jpg&name=large,Drought,UNOCHA,NGO
https://pbs.twimg.com/media/EikXTLNXYAUbeZm?format=jpg&name=large,Flood,UNOCHA,NGO
https://pbs.twimg.com/media/FELCnb4XsAMTFg0?format=jpg&name=large,Flood,UNOCHA,NGO
https://pbs.twimg.com/media/E1C26yVXMAYRCgA?format=jpg&name=medium,Flood,UNOCHA,NGO
https://pbs.twimg.com/media/EwJ-KKJXEAcCAd5?format=jpg&name=4096x4096,Flood,UNOCHA,NGO
https://pbs.twimg.com/media/FYG8jz-XwAMGasW?format=jpg&name=large,Flood,UNOCHA,NGO
https://pbs.twimg.com/media/FVe6x3NUUAAGLYn?format=jpg&name=large,Drought,UNOCHA,NGO
https://pbs.twimg.com/media/FSfp2Y_WUAADX7G?format=jpg&name=4096x4096,Drought,UNOCHA,NGO
https://pbs.twimg.com/media/FUA6BCdWAAIgw5D?format=jpg&name=4096x4096,Drought,UNOCHA,NGO
https://pbs.twimg.com/media/FUG1aqjWIAAvGQD?format=jpg&name=large,Drought,UNOCHA,NGO
https://pbs.twimg.com/media/Ei87ISFWkAUkL8b?format=jpg&name=medium,Flood,UNOCHA,NGO
https://pbs.twimg.com/media/Fgf1r2oWYAceIrH?format=jpg&name=large,Flood,UNOCHA,NGO
https://pbs.twimg.com/media/FI6N2x2VUAI3oZG?format=jpg&name=medium,Earthquake,UNOCHA,NGO
https://pbs.twimg.com/media/EhrsQMTXYAc4tsa?format=jpg&name=4096x4096,Flood,UNOCHA,NGO
https://pbs.twimg.com/media/Ee-O0xyXkAE8Fpj?format=jpg&name=900x900,Flood,UNOCHA,NGO
https://pbs.twimg.com/media/Ee-O1sYXkAA4MvJ?format=jpg&name=small,Flood,UNOCHA,NGO
https://pbs.twimg.com/media/FoR460jXwAAqMRK?format=jpg&name=large,Earthquake,UNOCHA,NGO
https://pbs.twimg.com/media/Fo91ANjXoAIaoBw?format=jpg&name=medium,Earthquake,UNOCHA,NGO
https://pbs.twimg.com/media/EKeTQbrWoAAKg6y?format=jpg&name=large,Earthquake,UNOCHA,NGO
https://pbs.twimg.com/media/EsdaeSGXIAEO8pt?format=jpg&name=large,Cyclone,UNICEF,NGO
https://pbs.twimg.com/media/EsdaeTsXUAAsR0y?format=jpg&name=large,Cyclone,UNICEF,NGO
https://pbs.twimg.com/media/EsdaeS3XIAEfaE5?format=jpg&name=large,Cyclone,UNICEF,NGO
https://pbs.twimg.com/media/EsdaeVnXEAI9BoW?format=jpg&name=large,Cyclone,UNICEF,NGO
https://pbs.twimg.com/media/CAU_gQ2WcAAkKxF?format=jpg&name=large,Cyclone,UNICEF,NGO
https://pbs.twimg.com/media/EqcICAgXEAAB6VK?format=jpg&name=large,Cyclone,UNICEF,NGO
https://pbs.twimg.com/media/Cc_TA9SWEAIbfQs?format=jpg&name=large,Cyclone,UNICEF,NGO
https://pbs.twimg.com/media/CcAo6GMVIAAYmmq?format=jpg&name=large,Cyclone,UNICEF,NGO
https://pbs.twimg.com/media/DTnu5H4WkAAfTHZ?format=jpg&name=large,Cyclone,UNICEF,NGO
https://pbs.twimg.com/media/CcKRtI1UMAAsRX7?format=jpg&name=medium,Cyclone,UNICEF,NGO
https://pbs.twimg.com/media/EJE_pDxW4AAS_37?format=jpg&name=large,Cyclone,UNICEF,NGO
https://pbs.twimg.com/media/CoU_mprWIAAs29C?format=jpg&name=medium,Cyclone,UNICEF,NGO
https://pbs.twimg.com/media/EJE_pEGXUAEGBgJ?format=jpg&name=large,Cyclone,UNICEF,NGO
https://pbs.twimg.com/media/FbWD_u5XgAIk_Um?format=jpg&name=large,Flood,UNICEF,NGO
https://pbs.twimg.com/media/B_H64-kVEAEpZ2q?format=jpg&name=large,Flood,UNICEF,NGO
https://pbs.twimg.com/media/ExKoMkyXEAUnK9V?format=jpg&name=large,Flood,UNICEF,NGO
https://pbs.twimg.com/media/Fg0UfyAXEAUDGCR?format=jpg&name=large,Flood,UNICEF,NGO
https://pbs.twimg.com/media/Fg0UjdrWQAEd5Xi?format=jpg&name=large,Flood,UNICEF,NGO
https://pbs.twimg.com/media/Fg0Ul5nWIAAl3F1?format=jpg&name=large,Flood,UNICEF,NGO
https://pbs.twimg.com/media/Fg0UoZiWQAMNuLt?format=jpg&name=large,Flood,UNICEF,NGO
https://pbs.twimg.com/media/FbrB2ylXkAYKAx7?format=jpg&name=large,Flood,UNICEF,NGO
https://pbs.twimg.com/media/FbrB2xaXwAE6O-K?format=jpg&name=large,Flood,UNICEF,NGO
https://pbs.twimg.com/media/FbrB2yEX0AAtMHq?format=jpg&name=large,Flood,UNICEF,NGO
https://pbs.twimg.com/media/FbrB2zFWYAEu8Br?format=jpg&name=large,Flood,UNICEF,NGO
https://pbs.twimg.com/media/C8_AEqSXkAAaK6-?format=jpg&name=large,Flood,UNICEF,NGO
https://pbs.twimg.com/media/C7zALHXX0AMlgVc?format=jpg&name=4096x4096,Flood,UNICEF,NGO
https://pbs.twimg.com/media/C72501ZWsAAU877?format=jpg&name=4096x4096,Flood,UNICEF,NGO
https://pbs.twimg.com/media/C7250vnXQAAj1F6?format=jpg&name=4096x4096,Flood,UNICEF,NGO
https://pbs.twimg.com/media/B8OV9s0IAAEIXnc?format=jpg&name=large,Flood,UNICEF,NGO
https://pbs.twimg.com/media/C7zal9zW0AA0AIV?format=jpg&name=4096x4096,Flood,UNICEF,NGO
https://pbs.twimg.com/media/ExSIgaDWUAECRCV?format=jpg&name=large,Flood,UNICEF,NGO
https://pbs.twimg.com/media/Dg4zAs_X4AUzl3i?format=jpg&name=4096x4096,Flood,UNICEF,NGO
https://pbs.twimg.com/media/B353G4pIAAANK2r?format=jpg&name=large,Flood,UNICEF,NGO
https://pbs.twimg.com/media/EJBfrqIX0AI55hv?format=jpg&name=medium,Flood,UNICEF,NGO
https://pbs.twimg.com/media/C703U0DXQAAl_Ha?format=jpg&name=4096x4096,Flood,UNICEF,NGO
https://pbs.twimg.com/media/C8clCBnWAAAWERc?format=jpg&name=large,Flood,UNICEF,NGO
https://pbs.twimg.com/media/DUt6tg1WsAYu3ZW?format=jpg&name=large,Flood,UNICEF,NGO
https://dn3pm25xmtlyu.cloudfront.net/photos/large/443642339.jpg?Expires=1678723357&Signature=genEXlZgeV5L1-5~3KODB~VOYHhwE~TEgedxHAd8-GmdNZOCT1Gk~f9CR9PyYG6LyObY9PPil5ncLPk~Ec9tfWfQJ05i5BHDsHIXj7S2ll7s6RhNjsewcC2HJEvj-5sScm8LBURggpVFV9wK1pgwqORCxNRzKlBTjb0o6rW~ek8bFYXPCD~fEa2aqiCO0kMrsKk2x6LpMcV5yTKK52LBlp6G8FArswewRx5jKwJhPAHQZc5M8zMrVa4nNIIsQgVDXypEwzxszamSaK5IC1TzBScmseuhZCF2RVAAdVP~ixVEuD6iap1TdTUXHXfLBXu9fI7u~S0ETq-im2b4SGDExQ__&Key-Pair-Id=APKAJROXZ7FN26MABHYA,Flood,UNICEF,NGO
https://dn3pm25xmtlyu.cloudfront.net/photos/large/402784229.jpg?Expires=1678723424&Signature=e0tAYcS9rQDScoS1VU2~wwsoWuc8cp9o5RMn5saciLvu~m-QgOMCil53eB--LGOZs92PlbtWlWYR1wBJka97-XH4vy8DKnYAwUNIUwx-2eWMir0C~gh1ZCfFCbeTfv32l2eDh7WeCYGNwOzOroClXLnFE4Urelan--LFhasIkqPGBGqbnlPjgucQ0Wm1sVqhk6IC1RwB1G1URyZIMg4pUI5QlyYSizE0G4-nnGmd9-~nWv3eur79cy~4aS3ivCI6UoXxl6nqs63cXxWTWrSHdiuc5tCzcwLxLSg49fmxXjOhEVrOb1jMzfvoGBeIms4TX0lgDzdAcq6N7pAB3DBd3Q__&Key-Pair-Id=APKAJROXZ7FN26MABHYA,Flood,UNICEF,NGO
https://pbs.twimg.com/media/CPsN6WxWIAApVoC?format=jpg&name=medium,Flood,UNICEF,NGO
https://pbs.twimg.com/media/DTUnjqPWAAA3wBw?format=jpg&name=large,Flood,UNICEF,NGO
https://pbs.twimg.com/media/C8T1aX4XUAAGN4U?format=jpg&name=large,Flood,UNICEF,NGO
https://pbs.twimg.com/media/DI_S4bEVoAAz-7v?format=jpg&name=large,Flood,UNICEF,NGO
https://pbs.twimg.com/media/DH6oPk4V0AAbol5?format=jpg&name=large,Flood,UNICEF,NGO
https://pbs.twimg.com/media/DHXQkiuXcAASA2S?format=jpg&name=large,Flood,UNICEF,NGO
https://pbs.twimg.com/media/DHXQkh1XkAABmjf?format=jpg&name=large,Flood,UNICEF,NGO
https://pbs.twimg.com/media/CG6Cc_AXAAAKZbP?format=jpg&name=large,Earthquake,UNICEF,NGO
https://pbs.twimg.com/media/DKlgKhxXcAAWrJk?format=jpg&name=medium,Earthquake,UNICEF,NGO
https://pbs.twimg.com/media/DKlgKiSWkAAvWM9?format=jpg&name=medium,Earthquake,UNICEF,NGO
https://pbs.twimg.com/media/DKbuzT-WAAAwh0h?format=jpg&name=large,Earthquake,UNICEF,NGO
https://pbs.twimg.com/media/FLHckhbXwAAIbKm?format=jpg&name=large,Earthquake,UNICEF,NGO
https://pbs.twimg.com/media/FLHckiHXoAA0HS-?format=jpg&name=large,Earthquake,UNICEF,NGO
https://pbs.twimg.com/media/FLHckjOXEAgzMXm?format=jpg&name=large,Earthquake,UNICEF,NGO
https://pbs.twimg.com/media/FLHckhdWQAAYlqO?format=jpg&name=large,Earthquake,UNICEF,NGO
https://pbs.twimg.com/media/CGhU4YpUQAAMvn3?format=jpg&name=large,Earthquake,UNICEF,NGO
https://pbs.twimg.com/media/CTTSDZuUYAAS1xu?format=jpg&name=medium,Earthquake,UNICEF,NGO
https://pbs.twimg.com/media/E8xiJzvXEAAsIP8?format=jpg&name=small,Earthquake,UNICEF,NGO
https://pbs.twimg.com/media/DofBvsyWkAAaaZz?format=jpg&name=4096x4096,Tsunami,UNICEF,NGO
https://pbs.twimg.com/media/Dobg0ktXsAEcZv4?format=jpg&name=4096x4096,Tsunami,UNICEF,NGO
https://pbs.twimg.com/media/CS1bojZWsAI1oj-?format=jpg&name=large,Earthquake,UNICEF,NGO
https://pbs.twimg.com/media/CS1rCUWWUAEp5Ur?format=jpg&name=large,Earthquake,UNICEF,NGO
https://pbs.twimg.com/media/CS5y2jAWoAQ8Dqz?format=jpg&name=large,Earthquake,UNICEF,NGO
https://pbs.twimg.com/media/EFgIjlmX0AMCGfS?format=jpg&name=large,Tsunami,UNICEF,NGO
https://pbs.twimg.com/media/CT1pRL7XAAAWeeE?format=jpg&name=small,Earthquake,UNICEF,NGO
https://pbs.twimg.com/media/Cbocp-nUMAAjYJx?format=jpg&name=4096x4096,Cyclone,UNICEF,NGO
https://pbs.twimg.com/media/CcK_g57WIAAnm8J?format=jpg&name=large,Cyclone,UNICEF,NGO
https://pbs.twimg.com/media/CSWhwbDWoAA2KhF?format=jpg&name=900x900,Earthquake,UNICEF,NGO
https://pbs.twimg.com/media/E9VTQfUXIAUNp7p?format=jpg&name=4096x4096,Earthquake,UNICEF,NGO
https://pbs.twimg.com/media/A55luONCMAAnJt1?format=jpg&name=4096x4096,Flood,UNICEF,NGO
https://pbs.twimg.com/media/En-WBj7VoAI9V-9?format=jpg&name=medium,Cyclone,UNICEFBD,NGO
https://pbs.twimg.com/media/FX1tbV5UYAELznM?format=jpg&name=large,Earthquake,UNICEFAFG,NGO
https://pbs.twimg.com/media/FW9SYGiXgAEDTXq?format=jpg&name=large,Earthquake,UNICEFAFG,NGO
https://pbs.twimg.com/media/E7Zab_2WQAknCYV?format=jpg&name=large,Wildfire,Redcross,NGO
https://pbs.twimg.com/media/E7ZacdLXMAArJqE?format=jpg&name=large,Wildfire,Redcross,NGO
https://pbs.twimg.com/media/E7ZacQsXEAEBgnQ?format=jpg&name=large,Wildfire,Redcross,NGO
https://pbs.twimg.com/media/EhkpeCoXgAEM23u?format=jpg&name=900x900,Wildfire,Redcross,NGO
https://pbs.twimg.com/media/EijA8TEXYAclKe3?format=jpg&name=4096x4096,Wildfire,Redcross,NGO
https://pbs.twimg.com/media/EijA8TFXYAIo7WP?format=jpg&name=4096x4096,Wildfire,Redcross,NGO
https://pbs.twimg.com/media/EijA8TGWsAExYEn?format=jpg&name=4096x4096,Wildfire,Redcross,NGO
https://pbs.twimg.com/media/EjBoHcJXgAYZDXu?format=jpg&name=4096x4096,Wildfire,Redcross,NGO
https://pbs.twimg.com/media/EjBoHcIXkAAL_yE?format=jpg&name=4096x4096,Wildfire,Redcross,NGO
https://pbs.twimg.com/media/EjBoHcHX0AI7uxC?format=jpg&name=4096x4096,Wildfire,Redcross,NGO
https://pbs.twimg.com/media/FZGjm8YXoAA4AtR?format=jpg&name=900x900,Wildfire,Redcross,NGO
https://pbs.twimg.com/media/FGNUj_UWUAMHrd2?format=jpg&name=large,Wildfire,Redcross,NGO
https://pbs.twimg.com/media/EhgFXR2XkAMHUEy?format=jpg&name=4096x4096,Wildfire,Redcross,NGO
https://pbs.twimg.com/media/Ek3jhv9X0AYVFLq?format=jpg&name=4096x4096,Wildfire,Redcross,NGO
https://pbs.twimg.com/media/Ef8wob_XoAAquyt?format=jpg&name=large,Wildfire,Redcross,NGO
https://pbs.twimg.com/media/Ef8wocBWAAE960U?format=jpg&name=large,Wildfire,Redcross,NGO
https://pbs.twimg.com/media/Cp2FoH6WgAA1Hjk?format=jpg&name=small,Flood,Redcross,NGO
https://pbs.twimg.com/media/CmDy781XIAEU7KH?format=jpg&name=small,Flood,Redcross,NGO
https://pbs.twimg.com/media/CmDy5aEXEAEtdTh?format=jpg&name=small,Wildfire,Redcross,NGO
https://pbs.twimg.com/media/Clvjv_VUkAAp-9K?format=jpg&name=large,Flood,Redcross,NGO
https://pbs.twimg.com/media/CqvU23zWYAAnr9i?format=jpg&name=small,Flood,Redcross,NGO
https://pbs.twimg.com/media/E6r4e-IWYAcFEyH?format=jpg&name=4096x4096,Flood,Redcross,NGO
https://pbs.twimg.com/media/CeV_xPzWAAEAnHK?format=jpg&name=small,Flood,Redcross,NGO
https://pbs.twimg.com/media/Eu7ybCyXYAIt2h7?format=jpg&name=900x900,Flood,Redcross,NGO
https://pbs.twimg.com/media/DTMZvVkWsAEu_l7?format=jpg&name=4096x4096,Flood,Redcross,NGO
https://pbs.twimg.com/media/DTMZv8AW0AEEHVr?format=jpg&name=4096x4096,Flood,Redcross,NGO
https://pbs.twimg.com/media/CROXUfmWgAAulUR?format=jpg&name=900x900,Flood,Redcross,NGO
https://pbs.twimg.com/media/FbBspkOXEAA8lIv?format=jpg&name=large,Flood,Redcross,NGO
https://pbs.twimg.com/media/Dtq-39lVAAEStI3?format=jpg&name=4096x4096,Flood,Redcross,NGO
https://pbs.twimg.com/media/Dtq-69YVAAAR0_O?format=jpg&name=4096x4096,Flood,Redcross,NGO
https://pbs.twimg.com/media/E6r4e-CX0AQNF8z?format=jpg&name=large,Flood,Redcross,NGO
https://pbs.twimg.com/media/DOnQGGWW4AQPflS?format=jpg&name=900x900,Earthquake,Redcross,NGO
https://pbs.twimg.com/media/DoctftjWsAAbU9A?format=jpg&name=medium,Earthquake,Redcross,NGO
https://pbs.twimg.com/media/Doctgs0WkAA7KrF?format=jpg&name=medium,Earthquake,Redcross,NGO
https://pbs.twimg.com/media/DKMbdOxVoAAVsAY?format=jpg&name=medium,Earthquake,Redcross,NGO
https://pbs.twimg.com/media/CSY-5FXWoAAmjYO?format=png&name=small,Earthquake,RedcrossAU,NGO
https://pbs.twimg.com/media/EryblJjXAAU966w?format=jpg&name=large,Earthquake,Redcross,NGO
https://pbs.twimg.com/media/E7j5vdTWUAA2bAk?format=jpg&name=4096x4096,Cyclone,Redcross,NGO
https://pbs.twimg.com/media/DNZueEyWAAAHPlQ?format=jpg&name=4096x4096,Hurricane,RedcrossSC,NGO
https://pbs.twimg.com/media/DOnwcc0W0AElnDk?format=jpg&name=medium,Earthquake,Canadian Red Cross,NGO
https://pbs.twimg.com/media/CSZQxNjUwAArXhm?format=jpg&name=medium,Earthquake,Redcresent,NGO
https://pbs.twimg.com/media/CSZQxNGUYAA4QVe?format=jpg&name=medium,Earthquake,Redcresent,NGO
https://pbs.twimg.com/media/FfWuzt4WQAA8kFy?format=jpg&name=4096x4096,Flood,OCHASouthSudan,NGO
https://pbs.twimg.com/media/FfWuztzXgAEw4Px?format=jpg&name=4096x4096,Flood,OCHASouthSudan,NGO
https://pbs.twimg.com/media/FfWuzt1XgAASk7V?format=jpg&name=4096x4096,Flood,OCHASouthSudan,NGO
https://pbs.twimg.com/media/FfWuzt1WQAAat0j?format=jpg&name=4096x4096,Flood,OCHASouthSudan,NGO
https://pbs.twimg.com/media/FgUGqxQUcAAacS6?format=jpg&name=large,Cyclone,OCHAPhilippinnes,NGO
https://pbs.twimg.com/media/FgUGqxRVIAABjif?format=jpg&name=large,Cyclone,OCHAPhilippinnes,NGO
https://pbs.twimg.com/media/FgUGqxRVUAEx8Pz?format=jpg&name=large,Cyclone,OCHAPhilippinnes,NGO
https://pbs.twimg.com/media/FgUGqxSVUAI13dN?format=jpg&name=large,Cyclone,OCHAPhilippinnes,NGO
https://pbs.twimg.com/media/FgoS5X4WIAAgI-g?format=jpg&name=4096x4096,Earthquake,OCHAAfg,NGO
https://pbs.twimg.com/media/C-9tZnuWAAAOYZn?format=jpg&name=medium,Wildfire,UNDP,NGO
https://pbs.twimg.com/media/C-wuhLeXkAAzmJI?format=jpg&name=medium,Wildfire,UNDP,NGO
https://pbs.twimg.com/media/C-yjP-ZXcAAD0CN?format=jpg&name=medium,Cyclone,UNDP,NGO
https://pbs.twimg.com/media/CjjY8ATUkAEYUFM?format=jpg&name=medium,Cyclone,UNDP,NGO
https://pbs.twimg.com/media/CeXhYCeWwAARcij?format=jpg&name=medium,Cyclone,UNDP,NGO
https://pbs.twimg.com/media/CiERMnpXIAAX7WP?format=jpg&name=900x900,Cyclone,UNDP,NGO
https://pbs.twimg.com/media/CBtf_gPWIAApSwh?format=jpg&name=small,Cyclone,UNDP,NGO
https://pbs.twimg.com/media/CjfrXbpWUAA6qpM?format=jpg&name=medium,Cyclone,UNDP,NGO
https://pbs.twimg.com/media/CjERZlyVEAAbcvP?format=jpg&name=large,Cyclone,UNDP,NGO
https://pbs.twimg.com/media/FbviIbUWIAAMl6C?format=jpg&name=large,Flood,UNDP,NGO
https://pbs.twimg.com/media/Fb08w6SXgAEQghG?format=jpg&name=large,Flood,UNDP,NGO
https://pbs.twimg.com/media/Fb08y7tXkAEWF_p?format=jpg&name=medium,Flood,UNDP,NGO
https://pbs.twimg.com/media/Fb082s2XEAIJjEe?format=jpg&name=large,Flood,UNDP,NGO
https://pbs.twimg.com/media/FdDHoE6WQAEyCA-?format=jpg&name=900x900,Flood,UNDP,NGO
https://pbs.twimg.com/media/FdDHobpWQAABbne?format=jpg&name=900x900,Flood,UNDP,NGO
https://pbs.twimg.com/media/FdDHow5XwAEucv9?format=jpg&name=900x900,Flood,UNDP,NGO
https://pbs.twimg.com/media/FBhdpCPUUAAQjQO?format=jpg&name=4096x4096,Flood,UNDP,NGO
https://pbs.twimg.com/media/ClTH46EWkAAJcpg?format=jpg&name=small,Flood,UNDP,NGO
https://pbs.twimg.com/media/Ck-9BPZXEAECEJh?format=jpg&name=small,Flood,UNDP,NGO
https://pbs.twimg.com/media/CmqBrB-XEAAkiBF?format=jpg&name=small,Flood,UNDP,NGO
https://pbs.twimg.com/media/CheSrC8WYAEnJ90?format=jpg&name=small,Earthquake,UNDP,NGO
https://pbs.twimg.com/media/CglYfEEWIAQmXr2?format=jpg&name=small,Earthquake,UNDP,NGO
https://pbs.twimg.com/media/E88ek4LVEAwdUyS?format=jpg&name=large,Earthquake,UNDP,NGO
https://pbs.twimg.com/media/FO9JzNPVcAADfqF?format=png&name=900x900,Earthquake,UNDP,NGO
https://pbs.twimg.com/media/FPHN5J4VEAcfPJx?format=jpg&name=medium,Earthquake,UNDP,NGO
https://pbs.twimg.com/media/FPHN8VsVcAsHoSA?format=jpg&name=4096x4096,Earthquake,UNDP,NGO
https://pbs.twimg.com/media/E9mdMavWEAE_huM?format=jpg&name=medium,Earthquake,UNDP,NGO
https://pbs.twimg.com/media/DI1owzgXkAAks02?format=jpg&name=900x900,Flood,UNDP,NGO
https://pbs.twimg.com/media/DME6ww6X4AE4BQY?format=jpg&name=small,Hurricane,UNDP,NGO
https://pbs.twimg.com/media/DOBlmcyVAAERJqi?format=jpg&name=large,Hurricane,UNDP,NGO
https://pbs.twimg.com/media/FmYJ3fpaYAUsqqI?format=jpg&name=large,Hurricane,UNDP,NGO
https://pbs.twimg.com/media/E9K3zs-VUAQY17x?format=jpg&name=medium,Earthquake,UNDP,NGO
https://pbs.twimg.com/media/E9K32ViVcAA9mL7?format=jpg&name=900x900,Earthquake,UNDP,NGO
https://pbs.twimg.com/media/FVdmhX4VIAEnq7e?format=png&name=small,Hurricane,UNDP,NGO
https://pbs.twimg.com/media/FVdmhwOUsAU4TPH?format=png&name=small,Hurricane,UNDP,NGO
https://pbs.twimg.com/media/CuMZI8iWgAAqFVW?format=jpg&name=medium,Hurricane,UNDP,NGO
https://pbs.twimg.com/media/Cs-RWgEXEAAQwuD?format=jpg&name=4096x4096,Flood,UNDP,NGO
https://pbs.twimg.com/media/DIKS5-RUQAEQhxW?format=jpg&name=900x900,Flood,UNDP,NGO
https://pbs.twimg.com/media/CrFqUq-WYAIkv2-?format=jpg&name=medium,Flood,UNDP,NGO
https://pbs.twimg.com/media/FqQGfSLaIAAsz0V?format=jpg&name=large,Earthquake,UNDP,NGO
https://pbs.twimg.com/media/Fp_vkxaaAAIRoOf?format=jpg&name=large,Earthquake,UNDP,NGO
https://pbs.twimg.com/media/FpwABdracAExOah?format=jpg&name=large,Earthquake,UNDP,NGO
https://pbs.twimg.com/media/FpwAD_7agAA3DU_?format=jpg&name=large,Earthquake,UNDP,NGO
https://pbs.twimg.com/media/FpdAvuLagAA4D4v?format=jpg&name=large,Earthquake,UNDP,NGO
https://pbs.twimg.com/media/FflFP3MWYAAQf_R?format=jpg&name=small,Flood,WHONigeria,NGO
https://pbs.twimg.com/media/FfClFr7WIAEx43w?format=jpg&name=medium,Flood,WHOPakistan,NGO
https://pbs.twimg.com/media/FflScTGWAAAZZsx?format=png&name=900x900,Flood,WHO Nigeria,NGO
https://pbs.twimg.com/media/FflS8EdWYAASKAL?format=png&name=small,Flood,WHO Nigeria,NGO
https://pbs.twimg.com/media/FflShEdXkAM72tG?format=png&name=small,Flood,WHO Nigeria,NGO
https://pbs.twimg.com/media/EqgXPwOXEAAyY5x?format=jpg&name=medium,Earthquake,FEMA,NGO
https://pbs.twimg.com/media/EqgXPxnXMAUM7om?format=jpg&name=large,Earthquake,FEMA,NGO
https://pbs.twimg.com/media/EqgXPw_W4AEecf5?format=jpg&name=large,Earthquake,FEMA,NGO
https://pbs.twimg.com/media/FOZflRbX0AUKgpU?format=jpg&name=medium,Flood,FEMA,NGO
https://pbs.twimg.com/media/EGDRmMXXoAU3ZRg?format=jpg&name=large,Flood,FEMA,NGO
https://pbs.twimg.com/media/FVZr7UqWQAAjX5X?format=jpg&name=medium,Flood,FEMA,NGO
https://pbs.twimg.com/media/FfAypecXwAACYb4?format=jpg&name=900x900,Flood,ReliefWeb,NGO
https://pbs.twimg.com/media/FfmAL1uXEAAwK7E?format=png&name=900x900,Flood,ReliefWeb,NGO
https://pbs.twimg.com/media/Dc71CEDWsAAGaef?format=jpg&name=small,Hurricane,NOAACleanCoasts,NGO
https://pbs.twimg.com/media/FgfGTCiXkAUOggS?format=jpg&name=4096x4096,Drought,JoyaceMsuya,NGO
https://pbs.twimg.com/media/Fcs5r_qX0AAhpYZ?format=jpg&name=4096x4096,Flood,JoyaceMsuya,NGO
https://pbs.twimg.com/media/FcsymfnWIAI_mRX?format=jpg&name=large,Flood,JoyaceMsuya,NGO
https://pbs.twimg.com/media/FZjnkCzVEAQsyhJ?format=jpg&name=medium,Drought,adam_abdelmoula,NGO
https://pbs.twimg.com/media/FZjnkK7VsAAUJVA?format=jpg&name=medium,Drought,adam_abdelmoula,NGO
https://pbs.twimg.com/media/FYrw_CmUYAA0K0Y?format=jpg&name=medium,Drought,adam_abdelmoula,NGO
https://pbs.twimg.com/media/FYrLqX7UcAAzZqC?format=jpg&name=medium,Drought,adam_abdelmoula,NGO
https://pbs.twimg.com/media/D13miyAXcAE653S?format=jpg&name=medium,Flood,QRCS,NGO
https://pbs.twimg.com/media/D13mk1uXQAArEEd?format=jpg&name=large,Flood,QRCS,NGO
https://pbs.twimg.com/media/D13mwBFWsAITGrT?format=jpg&name=4096x4096,Flood,QRCS,NGO
https://pbs.twimg.com/media/FjJ6M2LXwAAilxJ?format=jpg&name=900x900,Earthquake,HumanityFirstUK,NGO
https://pbs.twimg.com/media/EditZ_8XYAEIBQL?format=jpg&name=medium,Flood,HumanityFirstUK,NGO
https://pbs.twimg.com/media/Dxq4aU3WsAELQfI?format=jpg&name=small,Flood,HumanityFirstUK,NGO
https://pbs.twimg.com/media/ENWt4sXW4AIIxxF?format=jpg&name=large,Flood,HumanityFirstUK,NGO
https://pbs.twimg.com/media/ENWt4rXWkAEWpjs?format=jpg&name=large,Flood,HumanityFirstUK,NGO
https://pbs.twimg.com/media/ECZKFwCWkAApFJy?format=jpg&name=medium,Flood,HumanityFirstUK,NGO
https://pbs.twimg.com/media/EB7VqNUWsAITUkk?format=jpg&name=medium,Flood,feedingindia,NGO
https://pbs.twimg.com/media/EB7VqNaWkAEm_JE?format=jpg&name=medium,Flood,feedingindia,NGO
https://pbs.twimg.com/media/DMDR0TLUQAA71RT?format=jpg&name=medium,Hurricane,Kut austin,News
https://pbs.twimg.com/media/DaF7zHsUMAAMnXe?format=jpg&name=large,Hurricane,LSECities,News
https://pbs.twimg.com/media/FfgN6C2XEAEjcV_?format=png&name=900x900,Flood,UN in Nigeria,NGO
https://pbs.twimg.com/media/FfgOsdwWAAE3PgX?format=jpg&name=4096x4096,Flood,UN in Nigeria,NGO
https://pbs.twimg.com/media/FfgOf5tXwAAgFd6?format=jpg&name=4096x4096,Flood,UN in Nigeria,NGO
https://pbs.twimg.com/media/DMQ_MYhUIAAqlV9?format=jpg&name=small,Earthquake,UNVolunteers,NGO
https://pbs.twimg.com/media/Ffm5JXbX0AEHkQS?format=jpg&name=medium,Flood,Tayaba.org,NGO
https://pbs.twimg.com/media/Ffm5JXWWIAErdFT?format=jpg&name=medium,Flood,Tayaba.org,NGO
https://pbs.twimg.com/media/Ffm5JXbWYAEtyQy?format=jpg&name=medium,Flood,Tayaba.org,NGO
https://pbs.twimg.com/media/DfI5L_eWsAA7SLC?format=jpg&name=large,Earthquake,USAID,NGO
https://pbs.twimg.com/media/DKrHjJTVYAESg6M?format=jpg&name=medium,Earthquake,USAID,NGO
https://pbs.twimg.com/media/EE2IqMcXsAMiETU?format=jpg&name=large,Earthquake,USAID,NGO
https://pbs.twimg.com/media/EE2IqMdWsAUXu00?format=jpg&name=4096x4096,Earthquake,USAID,NGO
https://pbs.twimg.com/media/FdQmygfX0AAKXGT?format=jpg&name=small,Drought,UNReliefChief,NGO
https://pbs.twimg.com/media/Fd1mqdUXgAAZfeA?format=jpg&name=large,Hurricane,UNReliefChief,NGO
https://pbs.twimg.com/media/FbV3FKtXgAAlfn5?format=jpg&name=small,Flood,UNReliefChief,NGO
https://pbs.twimg.com/media/FWF93TeXwAACxPI?format=jpg&name=4096x4096,Earthquake,UNReliefChief,NGO
https://pbs.twimg.com/media/FojoAzZXoAAuEG4?format=jpg&name=4096x4096,Earthquake,UNReliefChief,NGO
https://pbs.twimg.com/media/FoTbF-tWAAENykl?format=jpg&name=4096x4096,Earthquake,UNReliefChief,NGO
https://pbs.twimg.com/media/DLsehL1UQAAMNW1?format=jpg&name=900x900,Earthquake,CatholicRelief,NGO
https://pbs.twimg.com/media/FWUVprmWYAAXltZ?format=jpg&name=large,Earthquake,AlKhidmatorg,NGO
https://pbs.twimg.com/media/Fi3CbN_aAAINeMp?format=jpg&name=medium,Flood,Humanaiidint,NGO
https://pbs.twimg.com/media/Fi3CbOEaYAIxTBe?format=jpg&name=medium,Flood,Humanaiidint,NGO
https://pbs.twimg.com/media/EhERUxHUYAA5H9S?format=jpg&name=medium,Flood,Humanaiidint,NGO
https://pbs.twimg.com/media/CXRTAwcWMAArnHx?format=jpg&name=900x900,Flood,KhalsaAid,NGO
https://pbs.twimg.com/media/CXRTAv7WsAcXL01?format=jpg&name=medium,Flood,KhalsaAid,NGO
https://pbs.twimg.com/media/EbwMxHpUcAA2dYS?format=jpg&name=medium,Cyclone,BDRCS,NGO
https://pbs.twimg.com/media/EbwMxGXVAAEqcAF?format=jpg&name=large,Cyclone,BDRCS,NGO
https://pbs.twimg.com/media/EbwMxEoUEAENA2z?format=jpg&name=large,Cyclone,BDRCS,NGO
https://pbs.twimg.com/media/EbwMxD1UEAAKzSD?format=jpg&name=medium,Cyclone,BDRCS,NGO
https://pbs.twimg.com/media/BKy5-6yCUAAS2t1?format=jpg&name=medium,Tornado,staciaWSYX6,News
https://pbs.twimg.com/media/BLoKc2pCAAAKOgW?format=jpg&name=small,Tornado,lionsclubs,NGO
https://pbs.twimg.com/media/FhbWCfOWYAAEl8N?format=jpg&name=medium,Hurricane,IMC_UK,NGO
https://pbs.twimg.com/media/Fh6WcraWAAAP89P?format=jpg&name=medium,Flood,IMC_UK,NGO
https://pbs.twimg.com/media/Fiq2HnIWYAUYWhx?format=jpg&name=medium,Hurricane,IMC_UK,NGO
https://pbs.twimg.com/media/FiuucA3XkAItKpf?format=jpg&name=medium,Flood,IMC_UK,NGO
https://pbs.twimg.com/media/FiuuayoWAAAZIKa?format=jpg&name=medium,Flood,IMC_UK,NGO
https://pbs.twimg.com/media/FhdPWLGX0AEVQwf?format=jpg&name=900x900,Flood,IMC_UK,NGO
https://pbs.twimg.com/media/FjEeBYSXEAAZ-v9?format=jpg&name=small,Flood,IMC_UK,NGO
https://pbs.twimg.com/media/FkW9LvJXkAY9_XC?format=jpg&name=900x900,Flood,IMK_UK,NGO
https://pbs.twimg.com/media/Fi566NqXEAEiTjj?format=jpg&name=medium,Flood,HI_UnitedStates,NGO
https://pbs.twimg.com/media/Fi565pZWIAMzmUO?format=jpg&name=medium,Flood,HI_UnitedStates,NGO
https://pbs.twimg.com/media/Fi564-VXgAAWSUa?format=jpg&name=medium,Flood,HI_UnitedStates,NGO
https://pbs.twimg.com/media/Fi564HHXoAEqbyU?format=jpg&name=medium,Flood,HI_UnitedStates,NGO
https://pbs.twimg.com/media/FfiiclqXgAELXx0?format=jpg&name=medium,Flood,Human Appeal,NGO
https://pbs.twimg.com/media/DsIGSAOVYAANO3c?format=jpg&name=medium,Flood,SeedsIndia,NGO
https://pbs.twimg.com/media/DsIGSANUcAAuVM-?format=jpg&name=medium,Flood,SeedsIndia,NGO
https://pbs.twimg.com/media/DsIGSANVYAA-Iid?format=jpg&name=medium,Flood,SeedsIndia,NGO
https://pbs.twimg.com/media/DsIGSANV4AQVOeJ?format=jpg&name=medium,Flood,SeedsIndia,NGO
https://pbs.twimg.com/media/CSZoHpNWsAAXq1N?format=jpg&name=4096x4096,Earthquake,UWT_UK,NGO
https://pbs.twimg.com/media/FfV3fy4WQAAtAhF?format=jpg&name=large,Flood,JDC Foundation Pakistan,NGO
https://pbs.twimg.com/media/FfcgnMPXEAEcQvc?format=jpg&name=large,Flood,JDC Foundation Pakistan,NGO
https://pbs.twimg.com/media/FfcgnMJX0AQtHP8?format=jpg&name=large,Flood,JDC Foundation Pakistan,NGO
https://pbs.twimg.com/media/FfWFTmcWIAMdWgU?format=jpg&name=medium,Flood,JDC Foundation Pakistan,NGO
https://pbs.twimg.com/media/FfWFTmeXkAQoPUo?format=jpg&name=medium,Flood,JDC Foundation Pakistan,NGO
https://pbs.twimg.com/media/FfWFTmaXgAAXxm9?format=jpg&name=medium,Flood,JDC Foundation Pakistan,NGO
https://pbs.twimg.com/media/FfWFTmfWIAIrhN6?format=jpg&name=medium,Flood,JDC Foundation Pakistan,NGO
https://pbs.twimg.com/media/FfCcQSpWQAsHYcj?format=jpg&name=large,Flood,MSF France,NGO
https://pbs.twimg.com/media/FfCe0cNXgAA40QP?format=jpg&name=large,Flood,MSF France,NGO
https://pbs.twimg.com/media/FfCcOQPXoAAOGsg?format=jpg&name=medium,Flood,MSF France,NGO
https://pbs.twimg.com/media/DqsHFtHWoAECpbY?format=jpg&name=medium,Hurricane,NYCSanitation,GOV
https://pbs.twimg.com/media/DqsHFrnWwAUmfJK?format=jpg&name=large,Hurricane,NYCSanitation,GOV
https://pbs.twimg.com/media/DqsHFrcWkAE7JAH?format=jpg&name=medium,Hurricane,NYCSanitation,GOV
https://pbs.twimg.com/media/FC33v1kWEAck-u6?format=jpg&name=medium,Hurricane,NYChealthy,GOV
https://pbs.twimg.com/media/FXFRQzpWAAI4Ta8?format=jpg&name=medium,Earthquake,WFP,NGO
https://pbs.twimg.com/media/E82ycMsWYAIeSIb?format=jpg&name=900x900,Earthquake,SalvArmyIHQ,NGO
https://pbs.twimg.com/media/E82ycMxXIAcPRHo?format=jpg&name=900x900,Earthquake,SalvArmyIHQ,NGO
https://pbs.twimg.com/media/E82ycMwXsAc7EMW?format=jpg&name=medium,Earthquake,SalvArmyIHQ,NGO
https://pbs.twimg.com/media/Ee_4njUUYAA92qE?format=jpg&name=medium,Flood,NSUI,NGO
https://pbs.twimg.com/media/Ee_4nVxUcAAlpIe?format=jpg&name=medium,Flood,NSUI,NGO
https://pbs.twimg.com/media/Ee_4nIfU8AAewQS?format=jpg&name=medium,Flood,NSUI,NGO
https://pbs.twimg.com/media/Dfk_IyVXUAA4CVx?format=jpg&name=medium,Hurricane,Calvert Impact,NGO
https://pbs.twimg.com/media/D_qOCBZVAAAv3PS?format=jpg&name=medium,Flood,Oxfamindia,NGO
https://pbs.twimg.com/media/CW5cSDVVAAAHxem?format=jpg&name=small,Flood,Oxfamindia,NGO
https://pbs.twimg.com/media/CZCbFVlWUAA2dPY?format=jpg&name=small,Flood,Americares,NGO
https://pbs.twimg.com/media/DP6JgstVQAAwxip?format=jpg&name=large,Hurricane,"St. Petersburg, FL",NGO
https://pbs.twimg.com/media/EditcDIWsAABfC9?format=jpg&name=medium,Flood,RnfrstAlliance,NGO
https://pbs.twimg.com/media/EditcCfWoAIuz_z?format=jpg&name=medium,Flood,RnfrstAlliance,NGO
https://pbs.twimg.com/media/DKooyY_VwAASaqb?format=jpg&name=4096x4096,Earthquake,Worldscouting,NGO
https://pbs.twimg.com/media/DKo2SaiUQAEB5nf?format=jpg&name=4096x4096,Earthquake,Worldscouting,NGO
https://pbs.twimg.com/media/Fe_S_7nVIAA7LRZ?format=jpg&name=4096x4096,Flood,Climate Council,NGO
https://pbs.twimg.com/media/E9rSByGUUAMqwAl?format=jpg&name=medium,Earthquake,AWMHFoundation,NGO
https://pbs.twimg.com/media/FAtEpUwWEAQZueN?format=jpg&name=large,Earthquake,Id4children,NGO
https://pbs.twimg.com/media/FAtEpUmXsAUVF_g?format=jpg&name=large,Earthquake,Id4children,NGO
https://pbs.twimg.com/media/FAtEpUkWYAEkOUl?format=jpg&name=large,Earthquake,Id4children,NGO
https://pbs.twimg.com/media/E9alBUkXoAM2Kzb?format=jpg&name=4096x4096,Earthquake,IFRC,NGO
https://pbs.twimg.com/media/DNVJZm0XUAIK-6J?format=jpg&name=medium,Hurricane,Exxonmobil,NGO
https://pbs.twimg.com/media/DSOaddRW0AAli9s?format=jpg&name=large,Hurricane,americorps NCCC,NGO
https://pbs.twimg.com/media/CXjZG9GWAAAyuK1?format=jpg&name=small,Flood,Tata companies,NGO
https://pbs.twimg.com/media/DNFSPcrXUAA9PcO?format=jpg&name=medium,Hurricane,pearljam,Public Figure
https://pbs.twimg.com/media/DNFSOXOW4AAK2xY?format=jpg&name=large,Hurricane,pearljam,Public Figure
https://pbs.twimg.com/media/DMxFKgzUEAA7CMy?format=jpg&name=medium,Hurricane,Teamrubicon,NGO
https://pbs.twimg.com/media/DR_ErfUUMAEspgL?format=jpg&name=medium,Hurricane,Food and Agriculture organization,NGO
https://pbs.twimg.com/media/DL454XIX0AA4QHG?format=jpg&name=medium,Hurricane,KOFC,NGO
https://pbs.twimg.com/media/CDcaA5TWEAAh8Fr?format=jpg&name=900x900,Earthquake,CNN,News
https://pbs.twimg.com/media/E-tAMMXUYAAJYdv?format=png&name=small,Flood,NDTV,News
https://pbs.twimg.com/media/EcyZof1XsAAoP0V?format=png&name=small,Flood,NDTV,News
https://pbs.twimg.com/media/EeL36reXYAA-Z5f?format=png&name=small,Flood,NDTV,News
https://pbs.twimg.com/media/Edn4T5kU0AA9Xp6?format=png&name=medium,Flood,NDTV,News
https://pbs.twimg.com/media/EZ4EA81UYAE9CB4?format=png&name=small,Cyclone,NDTV,News
https://pbs.twimg.com/media/FB4MDkIVkAA3ubT?format=jpg&name=medium,Flood,NDTV,News
https://pbs.twimg.com/media/FB4MDYuUYAAZneW?format=jpg&name=medium,Flood,NDTV,News
https://pbs.twimg.com/media/FB4MDYuVkAgV3NP?format=jpg&name=medium,Flood,NDTV,News
https://pbs.twimg.com/media/EB7BYgvX4AEyvrD?format=png&name=small,Flood,NDTV,News
https://pbs.twimg.com/media/FB4l1GXVIAId_ri?format=jpg&name=large,Flood,NDTV,News
https://pbs.twimg.com/media/D1IKM_vW0AA6ca9?format=jpg&name=small,Flood,JagbaniOnline,News
https://pbs.twimg.com/media/D11Ct1HUkAAR9I5?format=jpg&name=small,Flood,JagbaniOnline,News
https://pbs.twimg.com/media/DeLTtZ6U8AEs1y8?format=jpg&name=small,Flood,JagbaniOnline,News
https://pbs.twimg.com/media/CSWcU_hWwAAHqUB?format=jpg&name=large,Earthquake,Sabena_Siddiqi,News
https://pbs.twimg.com/media/CSWcVZBWEAE1hXI?format=jpg&name=large,Earthquake,Sabena_Siddiqi,News
https://pbs.twimg.com/media/CSa_n_SWIAA3jiu?format=jpg&name=900x900,Earthquake,geonews_english,News
https://pbs.twimg.com/media/CSPUgsXWsAAymaG?format=jpg&name=medium,Earthquake,Muslumhandsuk,News
https://pbs.twimg.com/media/CSPUgm8WUAAu9UK?format=jpg&name=900x900,Earthquake,Muslumhandsuk,News
https://pbs.twimg.com/media/CSc8c2QUcAAJ2uh?format=jpg&name=small,Earthquake,Airnewsalerts,News
https://pbs.twimg.com/media/D_M2CXOVAAAbxZs?format=jpg&name=4096x4096,Flood,Airnewsalerts,News
https://pbs.twimg.com/media/EdoTZ8UU4AE2G7b?format=jpg&name=4096x4096,Flood,Airnewsalerts,News
https://pbs.twimg.com/media/EduvGc6UcAA94FZ?format=jpg&name=4096x4096,Flood,Airnewsalerts,News
https://pbs.twimg.com/media/DqtSpkcXgAIExde?format=jpg&name=small,Hurricane,NyPD News,News
https://pbs.twimg.com/media/CSZT-pJWIAAxBPx?format=jpg&name=900x900,Earthquake,Catholicnewssvc,News
https://pbs.twimg.com/media/DKV4QVwXUAAgX0A?format=jpg&name=small,Earthquake,Catholicnewssvc,News
https://pbs.twimg.com/media/CST7P8RWsAELOhx?format=jpg&name=900x900,Earthquake,Arabnews,News
https://pbs.twimg.com/media/CST7P8LWsAAMIjS?format=jpg&name=small,Earthquake,Arabnews,News
https://pbs.twimg.com/media/FfEGoTZaUAEJefv?format=jpg&name=medium,Flood,Arabnews,News
https://pbs.twimg.com/media/FfEGoSzaMAEaOsl?format=jpg&name=medium,Flood,Arabnews,News
https://pbs.twimg.com/media/EFO0mgyUYAAt7TZ?format=jpg&name=small,Earthquake,ajeet1994,News
https://pbs.twimg.com/media/EFSdE71WkAMjdwT?format=jpg&name=900x900,Earthquake,ADB_HQ,News
https://pbs.twimg.com/media/BKzZLUjCcAED90z?format=jpg&name=medium,Tornado,WCTV,News
https://pbs.twimg.com/media/BK4eV9BCEAABitP?format=jpg&name=medium,Tornado,Kirksiegler,News
https://pbs.twimg.com/media/BK55kpECQAAW1yv?format=jpg&name=small,Tornado,Kirksiegler,News
https://pbs.twimg.com/media/BK0la3GCcAIJAgh?format=jpg&name=medium,Tornado,Kirksiegler,News
https://pbs.twimg.com/media/BKz4EfECUAARBN5?format=jpg&name=small,Tornado,Alanfisher,News
https://pbs.twimg.com/media/BKzO8GYCMAELCUW?format=jpg&name=medium,Tornado,Emmadalli,News
https://pbs.twimg.com/media/BKyKYDmCYAAs9AA?format=jpg&name=small,Tornado,WJXTBruceH,News
https://pbs.twimg.com/media/Fff3ylGXEAMHAyR?format=jpg&name=medium,Flood,TheCable,News
https://pbs.twimg.com/media/BKwbU69CcAAXb7n?format=jpg&name=medium,Tornado,JMilesKHOU,News
https://pbs.twimg.com/media/DKhZsJnUIAAa8n8?format=jpg&name=4096x4096,Earthquake,gary_coronado,News
https://pbs.twimg.com/media/CXUPI_ZUQAEcEql?format=jpg&name=900x900,Flood,Hindustan Times,News
https://pbs.twimg.com/media/CXUPHy2UAAARzFp?format=jpg&name=small,Flood,Hindustan Times,News
https://pbs.twimg.com/media/CXUPFfoVAAA28it?format=jpg&name=900x900,Flood,Hindustan Times,News
https://pbs.twimg.com/media/CXX-RDAVAAEgfuK?format=jpg&name=small,Flood,Hindustan Times,News
https://pbs.twimg.com/media/EddFsDZUcAAD2M2?format=png&name=medium,Flood,Hindustan Times,News
https://pbs.twimg.com/media/EjBZGfXVgAE9kO-?format=jpg&name=medium,Flood,Hindustan Times,News
https://pbs.twimg.com/media/Ed25NZnU4AIshEc?format=jpg&name=medium,Flood,Hindustan Times,News
https://pbs.twimg.com/media/CXg7nW1UQAAUT2s?format=png&name=small,Flood,CAN,News
https://pbs.twimg.com/media/CWMRolxU4AAnrC-?format=jpg&name=small,Flood,Hindumetroplus,News
https://pbs.twimg.com/media/EetnS_gUwAAqFpA?format=jpg&name=900x900,Flood,DDNewsLive,News
https://pbs.twimg.com/media/Ef2PORxXgAA-euN?format=png&name=900x900,Flood,DDNewsLive,News
https://pbs.twimg.com/media/EgZcnFUWkAA5mAo?format=png&name=900x900,Flood,DDNewsLive,News
https://pbs.twimg.com/media/E-FmTbCVgAwNUk7?format=jpg&name=900x900,Flood,DDNewsLive,News
https://pbs.twimg.com/media/EelHm1VX0AAfpBn?format=jpg&name=small,Flood,DDNewsLive,News
https://pbs.twimg.com/media/EeRcPBkUwAAUFBS?format=jpg&name=small,Flood,DDNewsLive,News
https://pbs.twimg.com/media/EZuG13yU4AAeVD8?format=jpg&name=4096x4096,Cyclone,DDNewsLive,News
https://pbs.twimg.com/media/FCFi2JbVkAErl5R?format=jpg&name=large,Flood,DDNews,News
https://pbs.twimg.com/media/FCCCZamUcAYp8sl?format=png&name=small,Flood,DDNews,News
https://pbs.twimg.com/media/DSRJ3sSX4AAPaEc?format=jpg&name=small,Hurricane,WSVN 7 News,News
https://pbs.twimg.com/media/FfawxIIaEAAkZO9?format=png&name=small,Flood,IANAS Hindi,News
https://pbs.twimg.com/media/DMRmtsfXcAAG_Cx?format=jpg&name=small,Hurricane,FOX5Vegas,News
https://pbs.twimg.com/media/ENQgmSFXsAAZqrJ?format=jpg&name=small,Flood,BBCNewsTelugu,News
https://pbs.twimg.com/media/BKwI-J2CcAAT0eo?format=jpg&name=large,Tornado,ABC10,News
https://pbs.twimg.com/media/ENZ8oxcW4AEnKCp?format=jpg&name=4096x4096,Flood,sharjah24,News
https://pbs.twimg.com/media/Fe_gcRIaAAI727W?format=jpg&name=large,Flood,Lachlan Bennett,News
https://pbs.twimg.com/media/Fe_gcP6agAAroqz?format=jpg&name=large,Flood,Lachlan Bennett,News
https://pbs.twimg.com/media/FfAMrnraUAAYHoe?format=jpg&name=4096x4096,Flood,Lachlan Bennett,News
https://pbs.twimg.com/media/FfAMrILaYAAsm0z?format=jpg&name=4096x4096,Flood,Lachlan Bennett,News
https://pbs.twimg.com/media/FfAMp-RaYAAfw3C?format=jpg&name=4096x4096,Flood,Lachlan Bennett,News
https://pbs.twimg.com/media/FfQcHKfWQAEE-mY?format=jpg&name=large,Flood,ILKHA,News
https://pbs.twimg.com/media/DM3l80ZUMAEVden?format=jpg&name=large,Hurricane,TexasTribune,News
https://pbs.twimg.com/media/FcOwiwzXwAAgpQi?format=jpg&name=medium,Tornado,Simonstormrider,News
https://pbs.twimg.com/media/FH3XRUrVcAIoDXq?format=jpg&name=large,Flood,TheHindu,News
https://pbs.twimg.com/media/FH3XOieUYAgBBTW?format=jpg&name=large,Flood,TheHindu,News
https://pbs.twimg.com/media/FB9Zk9SWEAIkade?format=jpg&name=medium,Flood,TheHindu,News
https://pbs.twimg.com/media/CWJ5GqbVAAAbk_b?format=jpg&name=small,Flood,TheHindu,News
https://pbs.twimg.com/media/CY5Z9hZUoAE3s6V?format=jpg&name=small,Flood,TheHindu,News
https://pbs.twimg.com/media/CXi5TdXUMAEYyZ5?format=jpg&name=small,Flood,TheHindu,News
https://pbs.twimg.com/media/CWq8MizUAAAMUoT?format=jpg&name=small,Flood,TheHindu,News
https://pbs.twimg.com/media/Ee6g2evWsAAon8G?format=jpg&name=large,Flood,Airnewsalerts,News
https://pbs.twimg.com/media/Ee6g2ezXgAEOlBY?format=jpg&name=medium,Flood,Airnewsalerts,News
https://pbs.twimg.com/media/EuKM1DhU4AUdp80?format=jpg&name=small,Earthquake,ETNOWlive,News
https://pbs.twimg.com/media/DLU2xp9V4AEKed1?format=jpg&name=large,Earthquake,Democracynow,News
https://pbs.twimg.com/media/BqgoJ5ZCUAAXSED?format=jpg&name=900x900,Flood,GlobalNewsTo,News
https://pbs.twimg.com/media/DOfkufOVQAAGt1S?format=jpg&name=small,Earthquake,financialXpress,News
https://pbs.twimg.com/media/CSahflzWEAA4w3w?format=jpg&name=medium,Earthquake,AureliaBailly,News
https://pbs.twimg.com/media/CSahd1EWwAA0Pi5?format=jpg&name=medium,Earthquake,AureliaBailly,News
https://pbs.twimg.com/media/DOrPB9YW4AAW8On?format=jpg&name=medium,Earthquake,AureliaBailly,News
https://pbs.twimg.com/media/DOrPBVWWsAESc2U?format=jpg&name=medium,Earthquake,AureliaBailly,News
https://pbs.twimg.com/media/DOrPAeHXUAAzVsR?format=jpg&name=medium,Earthquake,AureliaBailly,News
https://pbs.twimg.com/media/DOrO9eTX4AA4MoN?format=jpg&name=medium,Earthquake,AureliaBailly,News
https://pbs.twimg.com/media/FfBNBZYXgAAP-FK?format=png&name=900x900,Flood,World news network,News
https://pbs.twimg.com/media/FfQLhw4X0AAsmun?format=png&name=900x900,Flood,World news network,News
https://pbs.twimg.com/media/FB5wZjoXsAEgshw?format=png&name=small,Flood,ANI,News
https://pbs.twimg.com/media/EeB0SJVU8AAQ1fw?format=jpg&name=large,Flood,IANS,News
https://pbs.twimg.com/media/EeB0SJWUYAMF4PI?format=jpg&name=large,Flood,IANS,News
https://pbs.twimg.com/media/FfQ0XcwacAAxo3X?format=jpg&name=medium,Flood,IANS,News
https://pbs.twimg.com/media/FfapgTlaUAAYLn2?format=png&name=small,Flood,IANS,News
https://pbs.twimg.com/media/BZXWcjICEAE2ALK?format=jpg&name=4096x4096,Tornado,Cbschicago,News
https://pbs.twimg.com/media/BZWqoONCIAEUrgA?format=jpg&name=medium,Tornado,Seanlewiswgn,News
https://pbs.twimg.com/media/ENWTApMXUAA4jCE?format=jpg&name=small,Flood,Worldnewsdotcom,News
https://pbs.twimg.com/media/ENSja75WwAEVxv1?format=jpg&name=small,Flood,Worldnewsdotcom,News
https://pbs.twimg.com/media/FFRnCy6VUAAAwds?format=png&name=900x900,Flood,Indian Express,News
https://pbs.twimg.com/card_img/1582317992251199488/D7_0LuoI?format=jpg&name=small,Flood,Indian Express,News
https://pbs.twimg.com/media/Ff0i8pTVQAAXX9y?format=jpg&name=900x900,Cyclone,Indian Express,News
https://pbs.twimg.com/media/Ffz5x-VaMAAYmOt?format=jpg&name=medium,Cyclone,Indian Express,News
https://pbs.twimg.com/media/Ffz5xatacAEmOIA?format=jpg&name=medium,Cyclone,Indian Express,News
https://pbs.twimg.com/media/Ff0pC8AUUAEq_g6?format=jpg&name=900x900,Cyclone,Indian Express,News
https://pbs.twimg.com/media/Ff0o_mEVEAASMp4?format=jpg&name=900x900,Cyclone,Indian Express,News
https://pbs.twimg.com/media/EZqdmP-U4AAVvzf?format=jpg&name=large,Cyclone,Indian Express,News
https://pbs.twimg.com/media/EZqdl39WkAALQQ_?format=jpg&name=large,Cyclone,Indian Express,News
https://pbs.twimg.com/media/EZqdloOWkAANjoE?format=jpg&name=large,Cyclone,Indian Express,News
https://pbs.twimg.com/media/DOiR_73U8AAkO2e?format=jpg&name=medium,Earthquake,HoustanPubMedia,News
https://pbs.twimg.com/media/DOnZmeaXUAIkx17?format=jpg&name=medium,Earthquake,JoeKiani,News
https://pbs.twimg.com/media/BZVOXGSCAAAdAQH?format=jpg&name=small,Tornado,lachlankennedy,News
https://pbs.twimg.com/media/FdD2MLJXgAMJexm?format=jpg&name=4096x4096,Tornado,NstewCBS2 2,News
https://pbs.twimg.com/media/DOjN4sYWAAAdcZf?format=jpg&name=4096x4096,Earthquake,NCNewsPictures,News
https://pbs.twimg.com/media/Ed190EuUEAAyZqp?format=png&name=small,Flood,India Today,News
https://pbs.twimg.com/media/Ed19yiBUcAEZAp1?format=png&name=small,Flood,India Today,News
https://pbs.twimg.com/media/Ed19xLfUcAEkmVy?format=png&name=small,Flood,India Today,News
https://pbs.twimg.com/media/EfCuJ_4U4AEWH4g?format=png&name=900x900,Flood,India Today,News
https://pbs.twimg.com/media/FB135uvUcAIwgT4?format=png&name=900x900,Flood,India Today,News
https://pbs.twimg.com/media/CXjnO8GVAAEjb7E?format=jpg&name=4096x4096,Flood,India Today,News
https://pbs.twimg.com/media/BZW4r2hCUAAth-s?format=jpg&name=medium,Tornado,WFTV,News
https://pbs.twimg.com/media/Fe_lzp9aAAE2Ay0?format=jpg&name=large,Flood,AAPNewsWire,News
https://pbs.twimg.com/media/Fe_lzp8aYAEMZep?format=jpg&name=large,Flood,AAPNewsWire,News
https://pbs.twimg.com/media/Fe_lzp8agAAbbxj?format=jpg&name=large,Flood,AAPNewsWire,News
https://pbs.twimg.com/media/Fe_lzqXaUAAnphQ?format=jpg&name=large,Flood,AAPNewsWire,News
https://pbs.twimg.com/media/FfPC6qhVQAAhiur?format=jpg&name=large,Flood,AAPNewsWire,News
https://pbs.twimg.com/media/FfPC6qkUcAIa1r8?format=jpg&name=large,Flood,AAPNewsWire,News
https://pbs.twimg.com/media/FfPC6qiUcAATGNO?format=jpg&name=large,Flood,AAPNewsWire,News
https://pbs.twimg.com/media/FfPC6qjVsAMABvU?format=jpg&name=large,Flood,AAPNewsWire,News
https://pbs.twimg.com/media/DOgzqhIW0AEIq2e?format=jpg&name=large,Earthquake,Yahoophoto,News
https://pbs.twimg.com/media/DOgzqgvWkAAFLX2?format=jpg&name=large,Earthquake,Yahoophoto,News
https://pbs.twimg.com/media/DOgzqgDXcAAcCuz?format=jpg&name=4096x4096,Earthquake,Yahoophoto,News
https://pbs.twimg.com/media/FWRE9n9XEAI1C7M?format=jpg&name=4096x4096,Earthquake,Stefanie Glinski,News
https://pbs.twimg.com/media/FMuKDrqagAEObjL?format=jpg&name=360x360,Flood,SaveAUSNews,News
https://pbs.twimg.com/media/FMuKDrraIAA9kDI?format=jpg&name=small,Flood,SaveAUSNews,News
https://pbs.twimg.com/media/FMuKDrqaQAAoguc?format=jpg&name=small,Flood,SaveAUSNews,News
https://pbs.twimg.com/media/FC51hJ7WEAUBLZT?format=jpg&name=medium,Hurricane,AlexSilverman,News
https://pbs.twimg.com/media/FMlcybYVUAMh-W4?format=jpg&name=large,Flood,Couriermail,News
https://pbs.twimg.com/media/FMmKxdiVgAEhKTr?format=jpg&name=large,Flood,Couriermail,News
https://pbs.twimg.com/media/FV_fHOnUYAEpRpM?format=jpg&name=large,Earthquake,Habib Khan,News
https://pbs.twimg.com/media/ClYq2MXWQAAdtJE?format=jpg&name=4096x4096,Flood,RachelSchoutsen,News
https://pbs.twimg.com/media/EAJ0k8BU4AAi8yk?format=jpg&name=large,Flood,Hemantakrnath,News
https://pbs.twimg.com/media/Ee_acYJVoAARnr3?format=jpg&name=medium,Flood,Times of India,News
https://pbs.twimg.com/media/CXNmtBJUoAENHjd?format=jpg&name=small,Flood,Times of India,News
https://pbs.twimg.com/media/EfJpwBMU0AA7DTf?format=jpg&name=small,Flood,Times of India,News
https://pbs.twimg.com/media/EfPO_7GUEAYdzZP?format=jpg&name=medium,Flood,Times of India,News
https://pbs.twimg.com/media/BWqLLLGCMAAkq2R?format=jpg&name=medium,Flood,Cesdrilon,News
https://pbs.twimg.com/media/FfKITHNUcAA1HIa?format=jpg&name=large,Tornado,Gchahal,News
https://pbs.twimg.com/media/EwRHTISXIAIpV2q?format=jpg&name=900x900,Tsunami,Staradvertiser,News
https://pbs.twimg.com/media/EwRHS7OWYAAHMTB?format=jpg&name=900x900,Tsunami,Staradvertiser,News
https://pbs.twimg.com/media/EwRHSuwWQAA7hQJ?format=jpg&name=900x900,Tsunami,Staradvertiser,News
https://pbs.twimg.com/media/FMrVaxZVIAQ2ep-?format=jpg&name=large,Flood,Moneycontrolcom,News
https://pbs.twimg.com/media/FMrVaxaVQAAKmPo?format=jpg&name=large,Flood,Moneycontrolcom,News
https://pbs.twimg.com/media/FMrVaxaUYAE9kzO?format=jpg&name=large,Flood,Moneycontrolcom,News
https://pbs.twimg.com/media/FMrVaxZUUAIx1rd?format=jpg&name=large,Flood,Moneycontrolcom,News
https://pbs.twimg.com/media/EjNYuaNU8AAYOjh?format=jpg&name=large,Wildfire,SantiagoMejia,News
https://pbs.twimg.com/media/EjNYuaMVcAAYnKj?format=jpg&name=large,Wildfire,SantiagoMejia,News
https://pbs.twimg.com/media/EjNYuaNU4AAUbSD?format=jpg&name=large,Wildfire,SantiagoMejia,News
https://pbs.twimg.com/media/EwOchcdXEAUuDlI?format=jpg&name=large,Tsunami,Richardgaisford,News
https://pbs.twimg.com/media/EwOchY_XIAAPfBX?format=jpg&name=large,Tsunami,Richardgaisford,News
https://pbs.twimg.com/media/CdMpPfwWEAExTv9?format=jpg&name=small,Tsunami,abc_columbia,News
https://pbs.twimg.com/media/Dg664iEXUAEgfst?format=jpg&name=medium,Flood,Aakashhassan,News
https://pbs.twimg.com/media/Dg8Q_XrUEAAgHmE?format=jpg&name=4096x4096,Flood,Daanishbinnabi,News
https://pbs.twimg.com/media/Ejyp1rKUYAEnfE5?format=jpg&name=900x900,Wildfire,Carol Duncan,News
https://pbs.twimg.com/media/Ejyp1rLU4AE6ajv?format=jpg&name=large,Wildfire,Carol Duncan,News
https://pbs.twimg.com/media/DO3ON3MXkAU6XRv?format=jpg&name=900x900,Hurricane,clarence house,News
https://pbs.twimg.com/media/D11irDSUgAE-eCA?format=jpg&name=medium,Flood,Mathrubhumi,News
https://pbs.twimg.com/media/D122UWdX4AAuPyW?format=jpg&name=small,Flood,GDNonline,News
https://pbs.twimg.com/media/D122JrQWsAAZHV2?format=jpg&name=small,Flood,GDNonline,News
https://pbs.twimg.com/media/FOCphhaXIAIyUAF?format=jpg&name=medium,Earthquake,AFP,News
https://pbs.twimg.com/media/FOCplfhXEAIG0SF?format=jpg&name=medium,Earthquake,AFP,News
https://pbs.twimg.com/media/Ff5FNAnaAAASt6f?format=jpg&name=medium,Cyclone,AFP,News
https://pbs.twimg.com/media/Ff5FMpqacAAZkJl?format=jpg&name=medium,Cyclone,AFP,News
https://pbs.twimg.com/media/Ff5FMT9aUAAubPI?format=jpg&name=medium,Cyclone,AFP,News
https://pbs.twimg.com/media/Ff5FME-acAA0_ky?format=jpg&name=medium,Cyclone,AFP,News
https://pbs.twimg.com/media/FH2c-nnXIAMvl0c?format=jpg&name=large,Flood,DT Next,News
https://pbs.twimg.com/media/FH2cjm8X0AMjlEA?format=jpg&name=large,Flood,DT Next,News
https://pbs.twimg.com/media/FH2cjkhXwAYxi44?format=jpg&name=large,Flood,DT Next,News
https://pbs.twimg.com/media/Ff1wNemaAAA4dBY?format=jpg&name=large,Cyclone,MickyGupta84,News
https://pbs.twimg.com/media/EuZOXSmXcAM9-6u?format=jpg&name=large,Earthquake,HowesNathan,News
https://pbs.twimg.com/media/EuZOXSkWgAkRyG0?format=jpg&name=large,Earthquake,HowesNathan,News
https://pbs.twimg.com/media/CXNqXoqVAAAsqXH?format=jpg&name=small,Flood,Economic times,News
https://pbs.twimg.com/media/Ff5qRNuXwAECJRq?format=jpg&name=medium,Cyclone,AJEnglish,News
https://pbs.twimg.com/media/CWNNZ3WUsAISlfz?format=jpg&name=4096x4096,Flood,Firstpost,News
https://pbs.twimg.com/media/FfQmh3yaEAAtpeC?format=jpg&name=medium,Flood,Outlook India,News
https://pbs.twimg.com/media/FfQmh38aMAAlxVV?format=jpg&name=medium,Flood,Outlook India,News
https://pbs.twimg.com/media/FfQmh3qaAAILywX?format=jpg&name=medium,Flood,Outlook India,News
https://pbs.twimg.com/media/FfQmh3yaMAACEfD?format=jpg&name=medium,Flood,Outlook India,News
https://pbs.twimg.com/media/Eh1ML2hXcAEtUge?format=jpg&name=large,Wildfire,BulletinAtomic,News
https://pbs.twimg.com/media/DPUQVdLXUAAsogL?format=jpg&name=small,Hurricane,DSFireUpdates,News
https://pbs.twimg.com/media/DPUP3A3WsAEyASX?format=jpg&name=large,Hurricane,DSFireUpdates,News
https://pbs.twimg.com/media/DPUPz-VX4AEjIT9?format=jpg&name=large,Hurricane,DSFireUpdates,News
https://pbs.twimg.com/media/DMtp7Z7VAAEAfSu?format=jpg&name=large,Hurricane,Miyashay,News
https://pbs.twimg.com/media/BZXyOXkCYAA9bA5?format=jpg&name=medium,Tornado,Chesterlampkin,News
https://pbs.twimg.com/media/BSF60SUCUAAvFcW?format=jpg&name=4096x4096,Flood,Manilabulletin,News
https://pbs.twimg.com/media/Fc-igrIWIAAqqUQ?format=jpg&name=large,Tornado,Jesse_Risley,News
https://pbs.twimg.com/media/DR0DvO1XUAEb50F?format=jpg&name=large,Hurricane,Blavity,News
https://pbs.twimg.com/media/BZTyQBHCYAAbi-H?format=jpg&name=medium,Tornado,CaseyNolen,News
https://pbs.twimg.com/media/DL-PvZWWsAAAp8k?format=jpg&name=large,Hurricane,Whiotv,News
https://pbs.twimg.com/media/EezGmYKUcAEQkrt?format=jpg&name=medium,Flood,T Raghavan,News
https://pbs.twimg.com/media/Bw6sgvnCYAAm_qd?format=jpg&name=small,Flood,Mahrukhinayet,News
https://pbs.twimg.com/media/EeRIXbmVAAAc_d-?format=jpg&name=medium,Flood,Tribunephl,News
https://pbs.twimg.com/media/Dg6S40tU8AAfFwt?format=jpg&name=large,Flood,Raihanamaqbool,News
https://pbs.twimg.com/media/FB0uPXnVUAQexzS?format=jpg&name=medium,Flood,archana Dalmia,News
https://pbs.twimg.com/media/FB0uPXoVUA48rFz?format=jpg&name=medium,Flood,archana Dalmia,News
https://pbs.twimg.com/media/FB5VmFbVEAY9jsv?format=jpg&name=large,Flood,Arun M,News
https://pbs.twimg.com/media/Dg75C_rW0AALsnZ?format=jpg&name=large,Flood,Umarganie,News
https://pbs.twimg.com/media/Dg75B_VWsAAIiqh?format=jpg&name=large,Flood,Umarganie,News
https://pbs.twimg.com/media/Dg75AqhX0AAtPN2?format=jpg&name=large,Flood,Umarganie,News
https://pbs.twimg.com/media/COSpXRkVAAALqiG?format=jpg&name=small,Flood,SIrfanPTI,News
https://pbs.twimg.com/media/BxvE-0nIQAAMb0d?format=jpg&name=large,Flood,Suchetadalal,News
https://pbs.twimg.com/media/Dg4AEHtX0AA0kmn?format=jpg&name=small,Flood,scroll.in,News
https://pbs.twimg.com/media/Bw8wYCZCYAEIeLT?format=jpg&name=medium,Flood,Tavysingh,News
https://pbs.twimg.com/media/FB0bjO5VcAUkVgZ?format=jpg&name=large,Flood,nikhila henry,News
https://pbs.twimg.com/media/EIEKB9yX0AAtpCV?format=jpg&name=900x900,Hurricane,wcbs880,News
https://pbs.twimg.com/media/BcgxBlJCAAAH9KH?format=jpg&name=240x240,Tornado,LiveScience,News
https://pbs.twimg.com/media/E1vNx1aUUAQ6fsK?format=jpg&name=large,Flood,V MBJP,GOV
https://pbs.twimg.com/media/FB-xnu8VkAsOUQu?format=jpg&name=large,Flood,Rajesh Abraham,GOV
https://pbs.twimg.com/media/DqsFAynXQAIHVXt?format=jpg&name=4096x4096,Hurricane,NYCGov,GOV
https://pbs.twimg.com/media/FdSLbVlVUAA6usw?format=jpg&name=large,Tornado,BYronKoat,GOV
https://pbs.twimg.com/media/DMhIl32XkAEI0QC?format=jpg&name=900x900,Earthquake,Satedept,GOV
https://pbs.twimg.com/media/FfRIJ_zXwAAQq--?format=jpg&name=large,Tornado,armada_esp 2,GOV
https://pbs.twimg.com/media/Elf7zO9W0AAICy9?format=jpg&name=900x900,Hurricane,Senatormenendez,GOV
https://pbs.twimg.com/media/Elf7xeGWoAsVlWD?format=jpg&name=large,Hurricane,Senatormenendez,GOV
https://pbs.twimg.com/media/DRxUnFpUMAAkkTb?format=jpg&name=small,Hurricane,National Guard,GOV
https://pbs.twimg.com/media/Dbn5DGJX0AAO4uP?format=jpg&name=medium,Earthquake,Renaudmeyer,GOV
https://pbs.twimg.com/media/Dbn6mWIXUAAwQJ6?format=jpg&name=medium,Earthquake,Renaudmeyer,GOV
https://pbs.twimg.com/media/DKbZ-_jWAAUsHUR?format=jpg&name=large,Earthquake,AvitalLiebovich,GOV
https://pbs.twimg.com/media/DKbZ-_hXkAEozKM?format=jpg&name=large,Earthquake,AvitalLiebovich,GOV
https://pbs.twimg.com/media/DRXZeSNW4AAmRFT?format=jpg&name=900x900,Hurricane,City of New York,GOV
https://pbs.twimg.com/media/FWHdgeqUcAAKvmM?format=jpg&name=medium,Earthquake,Ziaulhaq Amarkhil,GOV
https://pbs.twimg.com/media/FWHdge_UcAgT2TX?format=jpg&name=900x900,Earthquake,Ziaulhaq Amarkhil,GOV
https://pbs.twimg.com/media/FWHdgcPX0AAt4az?format=jpg&name=large,Earthquake,Ziaulhaq Amarkhil,GOV
https://pbs.twimg.com/media/FWHdgcMWIAIGBI1?format=jpg&name=large,Earthquake,Ziaulhaq Amarkhil,GOV
https://pbs.twimg.com/media/FB9-9QYVgAUmrh5?format=jpg&name=large,Flood,Ramesh Chennithala,GOV
https://pbs.twimg.com/media/FB9d4rxVIAE-rKH?format=jpg&name=medium,Flood,keralaPMC,GOV
https://pbs.twimg.com/media/FB9d3iPVUAY1bul?format=jpg&name=medium,Flood,keralaPMC,GOV
https://pbs.twimg.com/media/FB9WSKKXEAAiicD?format=jpg&name=900x900,Flood,Pro Defence Trivandrum,GOV
https://pbs.twimg.com/media/FB4C8LlVcAQBQzp?format=jpg&name=medium,Flood,Pro Defence Trivandrum,GOV
https://pbs.twimg.com/media/FB4C74dUcAIzgob?format=jpg&name=medium,Flood,Pro Defence Trivandrum,GOV
https://pbs.twimg.com/media/FB4C7mIVcAApd4I?format=jpg&name=medium,Flood,Pro Defence Trivandrum,GOV
https://pbs.twimg.com/media/FB4C7R1UcAgMAy9?format=jpg&name=medium,Flood,Pro Defence Trivandrum,GOV
https://pbs.twimg.com/media/FB6cPoCVcAIWSSW?format=jpg&name=medium,Flood,Ksurendran,GOV
https://pbs.twimg.com/media/FB6cPoAVcAIgzHp?format=jpg&name=medium,Flood,Ksurendran,GOV
https://pbs.twimg.com/media/EfCSuOFU4AEi0T3?format=jpg&name=medium,Flood,congress kerala,GOV
https://pbs.twimg.com/media/Ec5EwaHWoAAL2fB?format=jpg&name=large,Flood,Atulbora,GOV
https://pbs.twimg.com/media/Ec5EveSXgAMw6z9?format=jpg&name=large,Flood,Atulbora,GOV
https://pbs.twimg.com/media/Ec5EudgWoAI_nYx?format=jpg&name=large,Flood,Atulbora,GOV
https://pbs.twimg.com/media/Ec5Etl-WAAAaXMq?format=jpg&name=large,Flood,Atulbora,GOV
https://pbs.twimg.com/media/Edrt9bNXkAAccGr?format=jpg&name=medium,Flood,Francescorocca,NGO
https://pbs.twimg.com/media/Edrt9bOXsAAmLI8?format=jpg&name=medium,Flood,Francescorocca,NGO
https://pbs.twimg.com/media/Edrt9bOXYAg7Mpb?format=jpg&name=medium,Flood,Francescorocca,NGO
https://pbs.twimg.com/media/Edrt9bNXoAM-4dT?format=jpg&name=medium,Flood,Francescorocca,NGO
https://pbs.twimg.com/media/EerAUSGWkAA-eqC?format=jpg&name=medium,Flood,IYC,GOV
https://pbs.twimg.com/media/EZW1C9eWoAIAyJE?format=jpg&name=large,Cyclone,IYCWestBengal,GOV
https://pbs.twimg.com/media/EevlVEKX0AIAD5A?format=jpg&name=medium,Flood,angkitadutta,GOV
https://pbs.twimg.com/media/D_k3ijVUEAAiCaA?format=jpg&name=large,Flood,mygovassam,GOV
https://pbs.twimg.com/media/D_k3iijUwAA7WIx?format=jpg&name=large,Flood,mygovassam,GOV
https://pbs.twimg.com/media/DO3OrPkWkAAZAvv?format=jpg&name=small,Hurricane,Franklin Graham,GOV
https://pbs.twimg.com/media/E22r3qbUUAAobxc?format=jpg&name=medium,Flood,Pradanbaruah,GOV
https://pbs.twimg.com/media/E22r3ppUcAENyuO?format=jpg&name=medium,Flood,Pradanbaruah,GOV
https://pbs.twimg.com/media/DOBcZiHXcAAoIpX?format=jpg&name=4096x4096,Hurricane,The commonwealth,GOV
https://pbs.twimg.com/media/DOBcYzSXkAAvFwo?format=jpg&name=4096x4096,Hurricane,The commonwealth,GOV
https://pbs.twimg.com/media/DOBcUNfXkAEKL3C?format=jpg&name=4096x4096,Hurricane,The commonwealth,GOV
https://pbs.twimg.com/media/DOBcPLpXkAA3YIw?format=jpg&name=4096x4096,Hurricane,The commonwealth,GOV
https://pbs.twimg.com/media/DPvBas_W0AIttLK?format=jpg&name=large,Hurricane,climate signals,GOV
https://pbs.twimg.com/media/Edd5FATUYAE2on5?format=jpg&name=medium,Flood,Ripunbora,GOV
https://pbs.twimg.com/media/Edd5EWJUcAAEM6e?format=jpg&name=900x900,Flood,Ripunbora,GOV
https://pbs.twimg.com/media/Edd5DtLVAAEKR8c?format=jpg&name=medium,Flood,Ripunbora,GOV
https://pbs.twimg.com/media/DM8K9LcVAAI0rK5?format=jpg&name=900x900,Hurricane,university of houstan,GOV
https://pbs.twimg.com/media/FCExatIXEAE5qoV?format=jpg&name=large,Flood,SDMA_Assam,GOV
https://pbs.twimg.com/media/FCExWD5XsAEAeQn?format=jpg&name=large,Flood,SDMA_Assam,GOV
https://pbs.twimg.com/media/D_bWQPGUYAEvj4U?format=jpg&name=large,Flood,WTI_org_india,GOV
https://pbs.twimg.com/media/D_bWPJ9UEAAo3f7?format=jpg&name=large,Flood,WTI_org_india,GOV
https://pbs.twimg.com/media/Ff02MT2acAA8zxs?format=jpg&name=large,Cyclone,Jankibaat,GOV
https://pbs.twimg.com/media/DP4swAKWsAArPjA?format=jpg&name=large,Hurricane,Chris Gloninger,GOV
https://pbs.twimg.com/media/DP4swAKXkAAAusZ?format=jpg&name=large,Hurricane,Chris Gloninger,GOV
https://pbs.twimg.com/media/DP4sv_NXUAEWmBs?format=jpg&name=large,Hurricane,Chris Gloninger,GOV
https://pbs.twimg.com/media/DP4sv_NX4AEGaWW?format=jpg&name=large,Hurricane,Chris Gloninger,GOV
https://pbs.twimg.com/media/EIEXYHCX4AAXsae?format=jpg&name=medium,Hurricane,Chris Gloninger,GOV
https://pbs.twimg.com/media/EIEXYHCWoAA9rlY?format=jpg&name=medium,Hurricane,Chris Gloninger,GOV
https://pbs.twimg.com/media/EIEXYHCWkAAEsmN?format=jpg&name=medium,Hurricane,Chris Gloninger,GOV
https://pbs.twimg.com/media/EeRNNL2XsAA_FX4?format=jpg&name=large,Cyclone,PScotlandCSG,GOV
https://pbs.twimg.com/media/EZZlzV7UEAEsZT8?format=jpg&name=large,Cyclone,Rha_india,GOV
https://pbs.twimg.com/media/Ff5cptSWAAAucBv?format=jpg&name=medium,Cyclone,WeatherIndia,GOV
https://pbs.twimg.com/media/Ff5cjeGXEAEm9iS?format=jpg&name=medium,Cyclone,WeatherIndia,GOV
https://pbs.twimg.com/media/Ff5ce7UXwAAf8Gg?format=jpg&name=medium,Cyclone,WeatherIndia,GOV
https://pbs.twimg.com/media/EZHTjh8UcAA9I-c?format=jpg&name=medium,Cyclone,IRS_IN,GOV
https://pbs.twimg.com/media/EZHTjh8VcAEQlUF?format=jpg&name=large,Cyclone,IRS_IN,GOV
https://pbs.twimg.com/media/EZHTjh9VcAAuYUS?format=jpg&name=medium,Cyclone,IRS_IN,GOV
https://pbs.twimg.com/media/EZHTjh8UMAIxGOR?format=jpg&name=medium,Cyclone,IRS_IN,GOV
https://pbs.twimg.com/media/EZWmp0lU4AI_aDf?format=jpg&name=large,Cyclone,Cpimlliberation,GOV
https://pbs.twimg.com/media/DMmYc0jWkAA2pE3?format=jpg&name=medium,Hurricane,HUDgov,GOV
https://pbs.twimg.com/media/DNO8R1XUMAII9Yo?format=jpg&name=large,Hurricane,johnCornyn,GOV
https://pbs.twimg.com/media/DNTsc2hXkAAgJ6y?format=jpg&name=small,Hurricane,markLevineNYC,GOV
https://pbs.twimg.com/media/FWkwD5tWAAEX28P?format=jpg&name=medium,Earthquake,NilofarLangar,Public Figure
https://pbs.twimg.com/media/FWkwD5wXoAA-dQM?format=jpg&name=medium,Earthquake,NilofarLangar,Public Figure
https://pbs.twimg.com/media/EdxrDOpX0AEbRvg?format=jpg&name=medium,Flood,aishe_ghosh,Public Figure
https://pbs.twimg.com/media/EeBPl4sUwAEyarp?format=jpg&name=medium,Flood,bora_debashree,Public Figure
https://pbs.twimg.com/media/Ed8VY75VoAEK0oO?format=jpg&name=medium,Flood,Chinukofficial,Public Figure
https://pbs.twimg.com/media/D_wSII_UIAEoQ7N?format=jpg&name=medium,Flood,Paoli_d.,Public Figure
https://pbs.twimg.com/media/D_wSKpRUEAApzpd?format=jpg&name=360x360,Flood,Paoli_d.,Public Figure
https://pbs.twimg.com/media/EdwXrlPUEAA-j0m?format=png&name=900x900,Flood,Dhanrajnathwani,Public Figure
https://pbs.twimg.com/media/EY9XDMBU0AAB3u4?format=jpg&name=900x900,Flood,LickyPriyak,Public Figure
https://pbs.twimg.com/media/EY9XDL_U0AAH1Kk?format=jpg&name=small,Flood,LickyPriyak,Public Figure
https://pbs.twimg.com/media/EY9XDMBVAAEeQ8e?format=jpg&name=small,Flood,LickyPriyak,Public Figure
https://pbs.twimg.com/media/EgtGdHxUMAIT9al?format=jpg&name=large,Wildfire,DrEmmaLJohnston,Public Figure
https://pbs.twimg.com/media/ElcLuBjUcAEqpWc?format=jpg&name=large,Wildfire,JodiRowley,Public Figure
https://pbs.twimg.com/media/EgRDXTZUMAEapxe?format=jpg&name=medium,Wildfire,LAtoyajackson,Public Figure
https://pbs.twimg.com/media/EgRDXTYU0AA3Vs9?format=jpg&name=medium,Wildfire,LAtoyajackson,Public Figure
https://pbs.twimg.com/media/EgRDXTXU8AEQ6Va?format=jpg&name=medium,Wildfire,LAtoyajackson,Public Figure
https://pbs.twimg.com/media/CWs422pWIAEnpgq?format=jpg&name=900x900,Flood,AssaadRazzouk,Public Figure
https://pbs.twimg.com/media/CWs429BUYAAj6Pp?format=jpg&name=900x900,Flood,AssaadRazzouk,Public Figure
https://pbs.twimg.com/media/CWs421-WoAEw7iB?format=jpg&name=900x900,Flood,AssaadRazzouk,Public Figure
https://pbs.twimg.com/media/AwbML5nCQAE69iu?format=jpg&name=small,Wildfire,Seattle wolf ,Public Figure
https://pbs.twimg.com/media/BZWtMazIAAAwVP0?format=jpg&name=small,Tornado,LOCASHmusic,Public Figure
https://pbs.twimg.com/media/DNByfXxX4AAOiRr?format=jpg&name=medium,Hurricane,Glennbeck,Public Figure
ttps://pbs.twimg.com/media/E9DY4xhXsAAsBKB?format=jpg&name=medium,Earthquake,michaelsheen,Public Figure
https://pbs.twimg.com/media/DMb14WQWkAATZpF?format=jpg&name=medium,Hurricane,TxDot,GOV
https://pbs.twimg.com/media/E8DVTNXWQAAh_U2?format=jpg&name=large,Wildfire,nytimes,News
https://pbs.twimg.com/media/E8DVTYlX0AE2w-F?format=jpg&name=large,Wildfire,nytimes,News
https://pbs.twimg.com/media/EjGL0GpXgAI8wh9?format=jpg&name=4096x4096,Wildfire,nytimes,News
https://pbs.twimg.com/media/EjGL0tdXsAMpsWj?format=jpg&name=4096x4096,Wildfire,nytimes,News
https://pbs.twimg.com/media/EjGL1FlWkAwx_Gc?format=jpg&name=4096x4096,Wildfire,nytimes,News
https://pbs.twimg.com/media/ChzI_vtUUAAZG0E?format=jpg&name=medium,Wildfire,nytimes,News
https://pbs.twimg.com/media/CqqC0JzWAAAjKF0?format=jpg&name=medium,Earthquake,nytimes,News
https://pbs.twimg.com/media/FcY3zEfWIAEBDOm?format=jpg&name=medium,Wildfire,Reuters,News
https://pbs.twimg.com/media/FaFYs9kWAAE9pl_?format=jpg&name=medium,Wildfire,Reuters,News
https://pbs.twimg.com/media/Cg5V4BVWMAAFIbl?format=jpg&name=large,Earthquake,The guardian,News
https://pbs.twimg.com/media/CNvGzd5UcAAN0yK?format=jpg&name=large,Wildfire,The guardian,News
https://pbs.twimg.com/media/FpzQ1SRWwAIMFed?format=jpg&name=medium,Earthquake,AJEnglish,News
https://pbs.twimg.com/media/Fp0wywdaMAA5E6d?format=jpg&name=medium,Earthquake,AJEnglish,News
https://pbs.twimg.com/media/FpVSStWXwAA8P_h?format=jpg&name=medium,Earthquake,AJEnglish,News
https://pbs.twimg.com/media/FpQfBzwWcAEqNoF?format=jpg&name=medium,Earthquake,AJEnglish,News
https://pbs.twimg.com/media/FpRRzlmXoAAEapk?format=jpg&name=medium,Earthquake,AJEnglish,News
https://pbs.twimg.com/media/FpW1pe6XEAYb9s8?format=jpg&name=medium,Earthquake,AJEnglish,News
https://pbs.twimg.com/media/FpMZnIFaYAAU5Zq?format=jpg&name=large,Earthquake,AJEnglish,News
https://pbs.twimg.com/media/FpBBen-WAAUZaXa?format=jpg&name=medium,Earthquake,AJEnglish,News
https://pbs.twimg.com/media/FpGQpJ0XgAEtUum?format=jpg&name=medium,Earthquake,AJEnglish,News
https://pbs.twimg.com/media/FpCOSSQXgAoIUrH?format=jpg&name=large,Earthquake,AJEnglish,News
https://pbs.twimg.com/media/FpCOSSUWAAA3xMo?format=jpg&name=large,Earthquake,AJEnglish,News
https://pbs.twimg.com/media/FpCOSSYXgBwRVuq?format=jpg&name=large,Earthquake,AJEnglish,News
https://pbs.twimg.com/media/FpCOSScXgAAtEji?format=jpg&name=large,Earthquake,AJEnglish,News
https://pbs.twimg.com/media/FpFoD0CWYAEPZbo?format=jpg&name=medium,Earthquake,AJEnglish,News
https://pbs.twimg.com/media/FpFoD0AWAAEdJAr?format=jpg&name=medium,Earthquake,AJEnglish,News
https://pbs.twimg.com/media/FpWfkAqXEAMgccd?format=jpg&name=medium,Earthquake,AJEnglish,News
https://pbs.twimg.com/media/FpWfl3EXgAEKIBm?format=jpg&name=medium,Earthquake,AJEnglish,News
https://pbs.twimg.com/media/Fpk3fRCaYAA2Xia?format=jpg&name=large,Earthquake,AJEnglish,News
https://pbs.twimg.com/media/Fpic0F0akAIwZJZ?format=jpg&name=small,Earthquake,dana916,GOV
https://pbs.twimg.com/media/Fpic1XAaUAAFJQn?format=jpg&name=small,Earthquake,dana916,GOV
https://pbs.twimg.com/media/FpicyeSaUAEzcHc?format=jpg&name=small,Earthquake,dana916,GOV
https://pbs.twimg.com/media/EhZ4Bv7WAAALctf?format=jpg&name=medium,Wildfire,RepAdamSchiff,GOV
